algorithm,n,seed,nodes_expanded,backtracks,constraint_checks,repair_steps,runtime_seconds,objective,num_assigned,num_unassigned,failure_rate,success,hit_step_budget,budget_s,censored
basic_backtracking,5,7,6,1,6,0,0.00011934999997720297,87.0872816084968,5,0,0.0,True,False,5.0,False
basic_backtracking,5,13,6,1,6,0,3.017499989255157e-05,98.49768185336382,5,0,0.0,True,False,5.0,False
basic_backtracking,5,42,6,1,6,0,3.5261999983049463e-05,55.79772938890289,5,0,0.0,True,False,5.0,False
basic_backtracking,5,101,1606,1606,1606,0,0.009161831000028542,427.36594898586844,3,2,0.4,False,False,5.0,False
basic_backtracking,5,202,247442,247442,247442,0,1.862222981000059,198.13913492161254,4,1,0.2,False,False,5.0,False
basic_backtracking,5,303,6,1,6,0,3.2491999945705174e-05,25.233782554304653,5,0,0.0,True,False,5.0,False
basic_backtracking,5,404,7,2,7,0,3.134500002488494e-05,40.43487826847239,5,0,0.0,True,False,5.0,False
basic_backtracking,5,505,6,1,6,0,2.952199997707794e-05,55.64021684396608,5,0,0.0,True,False,5.0,False
basic_backtracking,8,7,11,3,11,0,5.5354000096485834e-05,148.1789723238675,8,0,0.0,True,False,5.0,False
basic_backtracking,8,13,13,5,13,0,5.513499991138815e-05,165.06947949497533,8,0,0.0,True,False,5.0,False
basic_backtracking,8,42,12,4,12,0,6.18510000549577e-05,107.95418282367773,8,0,0.0,True,False,5.0,False
basic_backtracking,8,101,91115,91115,91115,0,0.37297248499999114,785.418313807762,5,3,0.375,False,False,5.0,False
basic_backtracking,8,202,984730,984723,984730,0,5.0000030329999845,241.56445740092343,7,1,0.125,False,False,5.0,True
basic_backtracking,8,303,10,2,10,0,6.151000002319051e-05,92.73052747526327,8,0,0.0,True,False,5.0,False
basic_backtracking,8,404,13,5,13,0,6.153900017125125e-05,64.24134107205839,8,0,0.0,True,False,5.0,False
basic_backtracking,8,505,10,2,10,0,5.720800004382909e-05,125.09161059108362,8,0,0.0,True,False,5.0,False
basic_backtracking,10,7,14,4,14,0,7.75129999510682e-05,166.37990749741178,10,0,0.0,True,False,5.0,False
basic_backtracking,10,13,20,10,20,0,8.249200004684099e-05,217.65902623499073,10,0,0.0,True,False,5.0,False
basic_backtracking,10,42,375458,375449,375458,0,5.0000053589999425,246.0629861258225,9,1,0.1,False,False,5.0,True
basic_backtracking,10,101,819616,819609,819616,0,5.000005993000059,798.0383122982422,7,3,0.3,False,False,5.0,True
basic_backtracking,10,202,670647,670639,670647,0,5.000010983000038,409.7760571813622,8,2,0.2,False,False,5.0,True
basic_backtracking,10,303,14,4,14,0,9.129499994742218e-05,109.70815935184638,10,0,0.0,True,False,5.0,False
basic_backtracking,10,404,314160,314151,314160,0,5.000009438999996,214.66420524998398,9,1,0.1,False,False,5.0,True
basic_backtracking,10,505,17,7,17,0,0.00016008400007194723,143.024046529168,10,0,0.0,True,False,5.0,False
basic_backtracking,12,7,23,11,23,0,0.0001311680000526394,228.6107489256725,12,0,0.0,True,False,5.0,False
basic_backtracking,12,13,24,12,24,0,0.0001285849998566846,239.55717176682413,12,0,0.0,True,False,5.0,False
basic_backtracking,12,42,509173,509162,509173,0,5.000020826000082,262.68557714841154,11,1,0.08333333333333333,False,False,5.0,True
basic_backtracking,12,101,651813,651804,651813,0,5.000004477999937,809.5472782451586,9,3,0.25,False,False,5.0,True
basic_backtracking,12,202,835252,835242,835252,0,5.000010467000038,460.88608188471983,10,2,0.16666666666666666,False,False,5.0,True
basic_backtracking,12,303,17,5,17,0,0.00011545100005605491,148.38839612276044,12,0,0.0,True,False,5.0,False
basic_backtracking,12,404,564960,564949,564960,0,5.000012763000086,270.8539007459019,11,1,0.08333333333333333,False,False,5.0,True
basic_backtracking,12,505,26,14,26,0,0.00011726699995051604,193.35678950960943,12,0,0.0,True,False,5.0,False
basic_backtracking,15,7,38,23,38,0,0.0001682499998878484,309.05986323921684,15,0,0.0,True,False,5.0,False
basic_backtracking,15,13,46,31,46,0,0.00017728300008457154,297.35809699862006,15,0,0.0,True,False,5.0,False
basic_backtracking,15,42,479818,479804,479818,0,5.000011121999933,332.5470337481749,14,1,0.06666666666666667,False,False,5.0,True
basic_backtracking,15,101,530360,530349,530360,0,5.000005443999953,867.497972876146,12,3,0.2,False,False,5.0,True
basic_backtracking,15,202,1447550,1447537,1447550,0,5.000011631000007,497.0753873575685,13,2,0.13333333333333333,False,False,5.0,True
basic_backtracking,15,303,30,15,30,0,0.0002157490000627149,175.25658302045264,15,0,0.0,True,False,5.0,False
basic_backtracking,15,404,546562,546548,546562,0,5.000011238999832,282.57219920556986,14,1,0.06666666666666667,False,False,5.0,True
basic_backtracking,15,505,41,26,41,0,0.00021036500015725323,177.46278998049024,15,0,0.0,True,False,5.0,False
basic_backtracking,20,7,98,78,98,0,0.0003808320000189269,427.0035366024582,20,0,0.0,True,False,5.0,False
basic_backtracking,20,13,321893,321875,321893,0,5.000011213999869,810.2520782017339,18,2,0.1,False,False,5.0,True
basic_backtracking,20,42,436568,436550,436568,0,5.000037325999983,637.1935251229212,18,2,0.1,False,False,5.0,True
basic_backtracking,20,101,369998,369981,369998,0,5.000017028000002,952.7043409015856,17,3,0.15,False,False,5.0,True
basic_backtracking,20,202,302816,302798,302816,0,5.000038822999841,653.9059175433888,18,2,0.1,False,False,5.0,True
basic_backtracking,20,303,63,43,63,0,0.0005721049999465322,302.7853534984486,20,0,0.0,True,False,5.0,False
basic_backtracking,20,404,155196,155178,155196,0,5.000007847999996,477.0155567513771,18,2,0.1,False,False,5.0,True
basic_backtracking,20,505,170460,170441,170460,0,5.00001417600015,368.605654485957,19,1,0.05,False,False,5.0,True
basic_backtracking,25,7,1235352,1235329,1235352,0,5.0000256040000295,1183.5438059551195,23,2,0.08,False,False,5.0,True
basic_backtracking,25,13,467515,467492,467515,0,5.000010849000091,890.9674280580857,23,2,0.08,False,False,5.0,True
basic_backtracking,25,42,324204,324182,324204,0,5.000017828000182,889.1565702304752,22,3,0.12,False,False,5.0,True
basic_backtracking,25,101,689302,689280,689302,0,5.000014114999885,1045.486477681944,22,3,0.12,False,False,5.0,True
basic_backtracking,25,202,635991,635968,635991,0,5.000015432000055,745.5124873951352,23,2,0.08,False,False,5.0,True
basic_backtracking,25,303,96,71,96,0,0.0004821320001155982,375.1748671093882,25,0,0.0,True,False,5.0,False
basic_backtracking,25,404,489278,489256,489278,0,5.000008404000027,667.5975263217788,22,3,0.12,False,False,5.0,True
basic_backtracking,25,505,399945,399921,399945,0,5.000011777000054,418.08757821473563,24,1,0.04,False,False,5.0,True
basic_backtracking,30,7,1477129,1477109,1477129,0,5.0000078569999005,2133.5438059551198,23,7,0.23333333333333334,False,False,5.0,True
basic_backtracking,30,13,1046031,1046003,1046031,0,5.0000359640000624,1084.0691093760834,28,2,0.06666666666666667,False,False,5.0,True
basic_backtracking,30,42,391786,391760,391786,0,5.000004556000022,975.3100309749732,27,3,0.1,False,False,5.0,True
basic_backtracking,30,101,1366070,1366043,1366070,0,5.00002240699996,1111.1140001637236,27,3,0.1,False,False,5.0,True
basic_backtracking,30,202,1297854,1297830,1297854,0,5.000009678999959,1403.7839139772145,25,5,0.16666666666666666,False,False,5.0,True
basic_backtracking,30,303,390207,390178,390207,0,5.000027150000051,783.5829247771011,29,1,0.03333333333333333,False,False,5.0,True
basic_backtracking,30,404,275849,275822,275849,0,5.000031239999998,752.9896239326503,27,3,0.1,False,False,5.0,True
basic_backtracking,30,505,277683,277654,277683,0,5.000059242000134,560.0537683181584,29,1,0.03333333333333333,False,False,5.0,True
basic_backtracking,40,7,1093869,1093847,1093869,0,5.0000080899999375,3683.5438059551198,23,17,0.425,False,False,5.0,True
basic_backtracking,40,13,550159,550123,550159,0,5.000041327999952,1823.1455161508743,36,4,0.1,False,False,5.0,True
basic_backtracking,40,42,969101,969071,969101,0,5.0000183639999705,2195.0131631324657,31,9,0.225,False,False,5.0,True
basic_backtracking,40,101,879237,879209,879237,0,5.0000128570000015,2654.001256135337,29,11,0.275,False,False,5.0,True
basic_backtracking,40,202,1117494,1117469,1117494,0,5.000034055000015,3303.783913977215,25,15,0.375,False,False,5.0,True
basic_backtracking,40,303,911575,911545,911575,0,5.000015981999923,2790.4724348185196,30,10,0.25,False,False,5.0,True
basic_backtracking,40,404,302121,302084,302121,0,5.0000369280001,964.9115297097819,37,3,0.075,False,False,5.0,True
basic_backtracking,40,505,1374420,1374390,1374420,0,5.000020444000029,2491.6300532102205,30,10,0.25,False,False,5.0,True
basic_backtracking,50,7,1197355,1197332,1197355,0,5.000047143000074,5483.54380595512,23,27,0.54,False,False,5.0,True
basic_backtracking,50,13,896689,896653,896689,0,5.0000078319999375,3873.1455161508743,36,14,0.28,False,False,5.0,True
basic_backtracking,50,42,733470,733439,733470,0,5.000028147999956,4045.0131631324657,31,19,0.38,False,False,5.0,True
basic_backtracking,50,101,711115,711086,711115,0,5.000023075999934,4704.001256135337,29,21,0.42,False,False,5.0,True
basic_backtracking,50,202,738561,738536,738561,0,5.000027713999998,5303.783913977215,25,25,0.5,False,False,5.0,True
basic_backtracking,50,303,789774,789745,789774,0,5.000056975000007,4640.472434818519,30,20,0.4,False,False,5.0,True
basic_backtracking,50,404,527890,527848,527890,0,5.000085697000031,1537.926595511344,44,6,0.12,False,False,5.0,True
basic_backtracking,50,505,1144008,1143978,1144008,0,5.000031605000004,4141.6300532102205,30,20,0.4,False,False,5.0,True
bt_mrv,5,7,6,1,6,0,8.02610002210713e-05,87.0872816084968,5,0,0.0,True,False,5.0,False
bt_mrv,5,13,6,1,6,0,6.0781999991377234e-05,98.49768185336382,5,0,0.0,True,False,5.0,False
bt_mrv,5,42,6,1,6,0,5.8283000043957145e-05,55.79772938890289,5,0,0.0,True,False,5.0,False
bt_mrv,5,101,1513,1513,1513,0,0.007437693000156287,427.36594898586844,3,2,0.4,False,False,5.0,False
bt_mrv,5,202,236130,236130,236130,0,1.2834696319998784,198.13913492161254,4,1,0.2,False,False,5.0,False
bt_mrv,5,303,6,1,6,0,6.823199987593398e-05,25.233782554304653,5,0,0.0,True,False,5.0,False
bt_mrv,5,404,7,2,7,0,5.815000008624338e-05,40.43487826847239,5,0,0.0,True,False,5.0,False
bt_mrv,5,505,6,1,6,0,5.732399995395099e-05,55.64021684396608,5,0,0.0,True,False,5.0,False
bt_mrv,8,7,11,3,11,0,0.0001221549998717819,148.1789723238675,8,0,0.0,True,False,5.0,False
bt_mrv,8,13,13,5,13,0,0.0001161259999662434,165.06947949497533,8,0,0.0,True,False,5.0,False
bt_mrv,8,42,12,4,12,0,0.00011902399978680478,127.95418282367773,8,0,0.0,True,False,5.0,False
bt_mrv,8,101,59680,59680,59680,0,0.3777023239999835,785.418313807762,5,3,0.375,False,False,5.0,False
bt_mrv,8,202,720579,720572,720579,0,5.0000095530001545,249.06623797630823,7,1,0.125,False,False,5.0,True
bt_mrv,8,303,10,2,10,0,0.00012084900004083465,92.73052747526327,8,0,0.0,True,False,5.0,False
bt_mrv,8,404,13,5,13,0,0.00011393199997655756,64.24134107205839,8,0,0.0,True,False,5.0,False
bt_mrv,8,505,10,2,10,0,0.00010952999991786783,125.09161059108362,8,0,0.0,True,False,5.0,False
bt_mrv,10,7,14,4,14,0,0.00016178600003513566,166.37990749741178,10,0,0.0,True,False,5.0,False
bt_mrv,10,13,20,10,20,0,0.00016108699992400943,227.65902623499073,10,0,0.0,True,False,5.0,False
bt_mrv,10,42,602464,602455,602464,0,5.0000114859999485,231.11186577250186,9,1,0.1,False,False,5.0,True
bt_mrv,10,101,764455,764448,764455,0,5.000011714000038,811.1844558130161,7,3,0.3,False,False,5.0,True
bt_mrv,10,202,744191,744183,744191,0,5.00000602199998,402.9424403126861,8,2,0.2,False,False,5.0,True
bt_mrv,10,303,14,4,14,0,0.00015061900012369733,109.70815935184638,10,0,0.0,True,False,5.0,False
bt_mrv,10,404,617348,617339,617348,0,5.000012817999959,214.66420524998398,9,1,0.1,False,False,5.0,True
bt_mrv,10,505,17,7,17,0,0.00015118700002858532,143.024046529168,10,0,0.0,True,False,5.0,False
bt_mrv,12,7,23,11,23,0,0.0002084089999243588,178.6107489256725,12,0,0.0,True,False,5.0,False
bt_mrv,12,13,24,12,24,0,0.00020885599997200188,249.55717176682413,12,0,0.0,True,False,5.0,False
bt_mrv,12,42,543600,543589,543600,0,5.000006591999863,242.07699802107655,11,1,0.08333333333333333,False,False,5.0,True
bt_mrv,12,101,558544,558535,558544,0,5.000010170999985,819.0465316221388,9,3,0.25,False,False,5.0,True
bt_mrv,12,202,593572,593562,593572,0,5.0000115400000595,470.00902524701877,10,2,0.16666666666666666,False,False,5.0,True
bt_mrv,12,303,17,5,17,0,0.00021223499993539008,148.38839612276044,12,0,0.0,True,False,5.0,False
bt_mrv,12,404,528812,528801,528812,0,5.000013308000007,272.1948371180437,11,1,0.08333333333333333,False,False,5.0,True
bt_mrv,12,505,26,14,26,0,0.00022047400011615537,173.35678950960943,12,0,0.0,True,False,5.0,False
bt_mrv,15,7,49,34,49,0,0.0003627719997894019,269.94173161919264,15,0,0.0,True,False,5.0,False
bt_mrv,15,13,58,43,58,0,0.0003850909999982832,324.4567546487082,15,0,0.0,True,False,5.0,False
bt_mrv,15,42,429567,429553,429567,0,5.000008958999842,315.8096701031756,14,1,0.06666666666666667,False,False,5.0,True
bt_mrv,15,101,555745,555733,555745,0,5.000011262000044,874.1628507112113,12,3,0.2,False,False,5.0,True
bt_mrv,15,202,541093,541080,541093,0,5.000024419000056,519.2429475647685,13,2,0.13333333333333333,False,False,5.0,True
bt_mrv,15,303,30,15,30,0,0.00034209399996143475,175.25658302045264,15,0,0.0,True,False,5.0,False
bt_mrv,15,404,488472,488458,488472,0,5.000015801000018,294.95769596882,14,1,0.06666666666666667,False,False,5.0,True
bt_mrv,15,505,37,22,37,0,0.0003032760000678536,199.36532372996072,15,0,0.0,True,False,5.0,False
bt_mrv,20,7,133,113,133,0,0.0007003290002103313,457.2805735840575,20,0,0.0,True,False,5.0,False
bt_mrv,20,13,432100,432082,432100,0,5.000014369999917,819.1036295556123,18,2,0.1,False,False,5.0,True
bt_mrv,20,42,450745,450727,450745,0,5.000016308999875,646.0051612733184,18,2,0.1,False,False,5.0,True
bt_mrv,20,101,543351,543334,543351,0,5.000012597000023,949.3077083713504,17,3,0.15,False,False,5.0,True
bt_mrv,20,202,486226,486208,486226,0,5.000016607999896,668.9626480306306,18,2,0.1,False,False,5.0,True
bt_mrv,20,303,64,44,64,0,0.0005851629998687713,286.499118843064,20,0,0.0,True,False,5.0,False
bt_mrv,20,404,492095,492078,492095,0,5.000008353000112,485.59805694510317,18,2,0.1,False,False,5.0,True
bt_mrv,20,505,415298,415279,415298,0,5.000029604000019,380.8157990467118,19,1,0.05,False,False,5.0,True
bt_mrv,25,7,410872,410848,410872,0,5.000022067000145,1037.6273683405263,24,1,0.04,False,False,5.0,True
bt_mrv,25,13,347869,347846,347869,0,5.00001460500016,914.0082792240202,23,2,0.08,False,False,5.0,True
bt_mrv,25,42,322424,322402,322424,0,5.000039052000147,823.8105232691266,22,3,0.12,False,False,5.0,True
bt_mrv,25,101,498157,498135,498157,0,5.000017597999886,1077.2181495022023,22,3,0.12,False,False,5.0,True
bt_mrv,25,202,405410,405387,405410,0,5.000020569000071,735.0769703367355,23,2,0.08,False,False,5.0,True
bt_mrv,25,303,104,79,104,0,0.0010641689998465154,379.10034547824273,25,0,0.0,True,False,5.0,False
bt_mrv,25,404,345933,345911,345933,0,5.000011661999906,691.574537925205,22,3,0.12,False,False,5.0,True
bt_mrv,25,505,310841,310817,310841,0,5.0000264959999186,431.5135586074381,24,1,0.04,False,False,5.0,True
bt_mrv,30,7,408322,408293,408322,0,5.000029182999924,1227.2771378179564,29,1,0.03333333333333333,False,False,5.0,True
bt_mrv,30,13,309425,309397,309425,0,5.000027473000046,1147.7233208629682,28,2,0.06666666666666667,False,False,5.0,True
bt_mrv,30,42,389885,389858,389885,0,5.000032373000067,984.7701926979802,27,3,0.1,False,False,5.0,True
bt_mrv,30,101,511561,511534,511561,0,5.000020661000008,1354.8278279307542,27,3,0.1,False,False,5.0,True
bt_mrv,30,202,529146,529120,529146,0,5.000010801999906,1174.9783567113905,26,4,0.13333333333333333,False,False,5.0,True
bt_mrv,30,303,469824,469795,469824,0,5.000023198000008,848.9969630163907,29,1,0.03333333333333333,False,False,5.0,True
bt_mrv,30,404,364794,364767,364794,0,5.0000144990001445,794.0424146888656,27,3,0.1,False,False,5.0,True
bt_mrv,30,505,333979,333950,333979,0,5.0000252289999025,553.1862148644881,29,1,0.03333333333333333,False,False,5.0,True
bt_mrv,40,7,18,18,18,0,0.0006651749999946333,7482.48916066721,4,36,0.9,False,False,5.0,False
bt_mrv,40,13,372234,372198,372234,0,5.000023990000045,1611.375604774812,36,4,0.1,False,False,5.0,True
bt_mrv,40,42,384613,384577,384613,0,5.00002189199995,1415.175546769601,36,4,0.1,False,False,5.0,True
bt_mrv,40,101,885808,885773,885808,0,5.000045839999984,1709.7269882570822,35,5,0.125,False,False,5.0,True
bt_mrv,40,202,1455110,1455079,1455110,0,5.000014664999981,2141.992038793043,32,8,0.2,False,False,5.0,True
bt_mrv,40,303,673189,673151,673189,0,5.000037968000015,1294.3245829073987,38,2,0.05,False,False,5.0,True
bt_mrv,40,404,362322,362285,362322,0,5.000031741999919,875.1339019747422,37,3,0.075,False,False,5.0,True
bt_mrv,40,505,307132,307094,307132,0,5.000011932000007,888.568991940251,39,1,0.025,False,False,5.0,True
bt_mrv,50,7,18,18,18,0,0.0010576229999514908,9282.48916066721,4,46,0.92,False,False,5.0,False
bt_mrv,50,13,1315601,1315567,1315601,0,5.000072196000019,3858.1828848828177,35,15,0.3,False,False,5.0,True
bt_mrv,50,42,290589,290543,290589,0,5.000109332999955,1546.012828677867,46,4,0.08,False,False,5.0,True
bt_mrv,50,101,752680,752637,752680,0,5.000197402999902,2397.7078788280874,44,6,0.12,False,False,5.0,True
bt_mrv,50,202,1008315,1008283,1008315,0,5.000062021000076,3987.0463358217753,33,17,0.34,False,False,5.0,True
bt_mrv,50,303,784668,784621,784668,0,5.000175265000053,1537.9947588134398,47,3,0.06,False,False,5.0,True
bt_mrv,50,404,278369,278325,278369,0,5.000019197000029,1405.8803928191653,44,6,0.12,False,False,5.0,True
bt_mrv,50,505,204373,204324,204373,0,5.000029912999935,1200.086464509525,49,1,0.02,False,False,5.0,True
bt_lcv,5,7,5,0,5,0,0.0003038360000573448,55.86020142324037,5,0,0.0,True,False,5.0,False
bt_lcv,5,13,5,0,5,0,0.0005511519998435688,115.11322892113736,5,0,0.0,True,False,5.0,False
bt_lcv,5,42,6,1,6,0,0.0005710700002055091,32.42229821110773,5,0,0.0,True,False,5.0,False
bt_lcv,5,101,1513,1513,1513,0,0.015022248999912335,427.36594898586844,3,2,0.4,False,False,5.0,False
bt_lcv,5,202,250680,250680,250680,0,2.4094305480000457,198.13913492161254,4,1,0.2,False,False,5.0,False
bt_lcv,5,303,6,1,6,0,0.0003432930000144552,25.233782554304653,5,0,0.0,True,False,5.0,False
bt_lcv,5,404,6,1,6,0,0.00020777200006705243,57.31784380968858,5,0,0.0,True,False,5.0,False
bt_lcv,5,505,6,1,6,0,0.0004731939998237067,39.645871797468104,5,0,0.0,True,False,5.0,False
bt_lcv,8,7,8,0,8,0,0.00037289300007614656,157.95189213861107,8,0,0.0,True,False,5.0,False
bt_lcv,8,13,9,1,9,0,0.0007469049999144772,229.46482325891554,8,0,0.0,True,False,5.0,False
bt_lcv,8,42,9,1,9,0,0.0011075449999680131,155.4306936331564,8,0,0.0,True,False,5.0,False
bt_lcv,8,101,91022,91022,91022,0,0.499243154999931,785.418313807762,5,3,0.375,False,False,5.0,False
bt_lcv,8,202,684203,684196,684203,0,5.000008780999906,355.7949188899488,7,1,0.125,False,False,5.0,True
bt_lcv,8,303,10,2,10,0,0.0009537790001559188,127.77318948353843,8,0,0.0,True,False,5.0,False
bt_lcv,8,404,10,2,10,0,0.0007717470000443427,57.94827176922091,8,0,0.0,True,False,5.0,False
bt_lcv,8,505,9,1,9,0,0.0010718529999849125,123.18175636089035,8,0,0.0,True,False,5.0,False
bt_lcv,10,7,10,0,10,0,0.000593172000208142,245.67237431223072,10,0,0.0,True,False,5.0,False
bt_lcv,10,13,11,1,11,0,0.0012935859999743116,301.629834078149,10,0,0.0,True,False,5.0,False
bt_lcv,10,42,322165,322156,322165,0,5.000009540000065,222.87012106372586,9,1,0.1,False,False,5.0,True
bt_lcv,10,101,638390,638383,638390,0,5.00000831400007,798.0632393562588,7,3,0.3,False,False,5.0,True
bt_lcv,10,202,578226,578218,578226,0,5.0000206080001135,551.1711212263267,8,2,0.2,False,False,5.0,True
bt_lcv,10,303,12,2,12,0,0.001252698000143937,141.44145472613005,10,0,0.0,True,False,5.0,False
bt_lcv,10,404,309651,309642,309651,0,5.000007255000128,210.54717079120016,9,1,0.1,False,False,5.0,True
bt_lcv,10,505,12,2,12,0,0.0014995090000411437,132.12447379130197,10,0,0.0,True,False,5.0,False
bt_lcv,12,7,13,1,13,0,0.0007916050001313124,255.12900249388753,12,0,0.0,True,False,5.0,False
bt_lcv,12,13,16,4,16,0,0.0016880570001376327,316.7231387807401,12,0,0.0,True,False,5.0,False
bt_lcv,12,42,536135,536124,536135,0,5.000014898000018,225.94307419595694,11,1,0.08333333333333333,False,False,5.0,True
bt_lcv,12,101,594557,594548,594557,0,5.000012366999954,808.5724191720064,9,3,0.25,False,False,5.0,True
bt_lcv,12,202,565948,565938,565948,0,5.00001343200006,622.7811459296843,10,2,0.16666666666666666,False,False,5.0,True
bt_lcv,12,303,16,4,16,0,0.001419508000026326,206.29222114079653,12,0,0.0,True,False,5.0,False
bt_lcv,12,404,506138,506127,506138,0,5.000006591000101,281.9965593259576,11,1,0.08333333333333333,False,False,5.0,True
bt_lcv,12,505,15,3,15,0,0.0017802150000534311,147.00877885734997,12,0,0.0,True,False,5.0,False
bt_lcv,15,7,17,2,17,0,0.0011823849999927916,317.17098446439945,15,0,0.0,True,False,5.0,False
bt_lcv,15,13,18,3,18,0,0.0026349269999172975,422.6341204551406,15,0,0.0,True,False,5.0,False
bt_lcv,15,42,445036,445022,445036,0,5.000013781999996,283.3940337988703,14,1,0.06666666666666667,False,False,5.0,True
bt_lcv,15,101,458660,458648,458660,0,5.000024411999902,859.8495927936132,12,3,0.2,False,False,5.0,True
bt_lcv,15,202,444849,444836,444849,0,5.000008525999874,659.9758952038871,13,2,0.13333333333333333,False,False,5.0,True
bt_lcv,15,303,20,5,20,0,0.0022963010001149087,228.30160098226645,15,0,0.0,True,False,5.0,False
bt_lcv,15,404,410801,410787,410801,0,5.000033235000046,294.48769029167295,14,1,0.06666666666666667,False,False,5.0,True
bt_lcv,15,505,27,12,27,0,0.0028093720002289047,160.28362754614952,15,0,0.0,True,False,5.0,False
bt_lcv,20,7,17545,17525,17545,0,0.12607020100040245,599.6990219899154,20,0,0.0,True,False,5.0,False
bt_lcv,20,13,214136,214119,214136,0,5.00000987500016,940.4905447350845,18,2,0.1,False,False,5.0,True
bt_lcv,20,42,315055,315038,315055,0,5.000013739000224,686.222516879398,18,2,0.1,False,False,5.0,True
bt_lcv,20,101,335324,335307,335324,0,5.0000285569999505,1031.0149173612228,17,3,0.15,False,False,5.0,True
bt_lcv,20,202,411181,411163,411181,0,5.000013548000425,785.7246472951011,18,2,0.1,False,False,5.0,True
bt_lcv,20,303,29,9,29,0,0.004667639000217605,346.03858506415037,20,0,0.0,True,False,5.0,False
bt_lcv,20,404,183746,183728,183746,0,5.000055401000282,491.16585021403597,18,2,0.1,False,False,5.0,True
bt_lcv,20,505,171555,171536,171555,0,5.000021536000077,429.06437140669425,19,1,0.05,False,False,5.0,True
bt_lcv,25,7,429467,429443,429467,0,5.000025060999633,1270.9297325316295,24,1,0.04,False,False,5.0,True
bt_lcv,25,13,280013,279990,280013,0,5.000041724999846,1220.8065953964547,23,2,0.08,False,False,5.0,True
bt_lcv,25,42,323296,323274,323296,0,5.000015198000256,960.6495894015349,22,3,0.12,False,False,5.0,True
bt_lcv,25,101,699024,699006,699024,0,5.000032535999708,1576.4643444987232,19,6,0.24,False,False,5.0,True
bt_lcv,25,202,322078,322055,322078,0,5.000014604999706,930.6435679762467,23,2,0.08,False,False,5.0,True
bt_lcv,25,303,379755,379741,379755,0,5.000006518999726,1814.0271709301117,15,10,0.4,False,False,5.0,True
bt_lcv,25,404,262443,262421,262443,0,5.000179378999746,703.0049768827981,22,3,0.12,False,False,5.0,True
bt_lcv,25,505,267840,267816,267840,0,5.000031501999729,483.93795135069456,24,1,0.04,False,False,5.0,True
bt_lcv,30,7,455769,455740,455769,0,5.000032981000004,1377.7276191484907,29,1,0.03333333333333333,False,False,5.0,True
bt_lcv,30,13,332926,332898,332926,0,5.000035311999909,1426.9776888215288,28,2,0.06666666666666667,False,False,5.0,True
bt_lcv,30,42,242497,242470,242497,0,5.00003605000029,1103.389420085961,27,3,0.1,False,False,5.0,True
bt_lcv,30,101,318360,318334,318360,0,5.000021682999886,1231.2969461809207,27,3,0.1,False,False,5.0,True
bt_lcv,30,202,313377,313352,313377,0,5.000013437999769,1403.5200621991187,26,4,0.13333333333333333,False,False,5.0,True
bt_lcv,30,303,386767,386750,386767,0,5.000013330999991,2420.9573250143826,18,12,0.4,False,False,5.0,True
bt_lcv,30,404,285381,285354,285381,0,5.000027325999781,795.5984357347565,27,3,0.1,False,False,5.0,True
bt_lcv,30,505,255373,255344,255373,0,5.000026168000204,721.8518617606269,29,1,0.03333333333333333,False,False,5.0,True
bt_lcv,40,7,261804,261789,261804,0,5.000086708999788,4609.2184524354525,17,23,0.575,False,False,5.0,True
bt_lcv,40,13,236762,236726,236762,0,5.0000271720000455,1992.4046090257857,36,4,0.1,False,False,5.0,True
bt_lcv,40,42,215892,215857,215892,0,5.000022558999717,1591.9034606988316,36,4,0.1,False,False,5.0,True
bt_lcv,40,101,571205,571170,571205,0,5.00006429799987,1753.385535090723,35,5,0.125,False,False,5.0,True
bt_lcv,40,202,417495,417463,417495,0,5.000148871999954,2319.515000253128,32,8,0.2,False,False,5.0,True
bt_lcv,40,303,294497,294476,294497,0,5.0000477029998365,3574.0003939750977,22,18,0.45,False,False,5.0,True
bt_lcv,40,404,253720,253683,253720,0,5.0000253070002145,1001.1353485804634,37,3,0.075,False,False,5.0,True
bt_lcv,40,505,149737,149698,149737,0,5.000092965000022,1049.7586067353075,39,1,0.025,False,False,5.0,True
bt_lcv,50,7,173720,173703,173720,0,5.000121732000025,6151.241299220162,18,32,0.64,False,False,5.0,True
bt_lcv,50,13,169072,169049,169072,0,5.00024011000005,5612.6131463482,24,26,0.52,False,False,5.0,True
bt_lcv,50,42,146195,146149,146195,0,5.000050484999974,1665.6136242789714,46,4,0.08,False,False,5.0,True
bt_lcv,50,101,207730,207717,207730,0,5.000132918999952,6431.37873760907,14,36,0.72,False,False,5.0,True
bt_lcv,50,202,184342,184326,184342,0,5.000099363999652,6271.183661563223,17,33,0.66,False,False,5.0,True
bt_lcv,50,303,230262,230238,230262,0,5.000029387000268,4715.0594269385565,25,25,0.5,False,False,5.0,True
bt_lcv,50,404,118727,118683,118727,0,5.000041880000026,1686.047980421355,44,6,0.12,False,False,5.0,True
bt_lcv,50,505,174090,174041,174090,0,5.000062288000208,1242.5865277215444,49,1,0.02,False,False,5.0,True
bt_fc_mrv_deg,5,7,5,0,5,0,0.0002871349997803918,55.36020142324037,5,0,0.0,True,False,5.0,False
bt_fc_mrv_deg,5,13,5,0,5,0,0.0004888449998361466,85.54692454391882,5,0,0.0,True,False,5.0,False
bt_fc_mrv_deg,5,42,5,0,5,0,0.0004906560002382321,22.866616670025984,5,0,0.0,True,False,5.0,False
bt_fc_mrv_deg,5,101,2126,2126,2126,0,0.01523788600025,427.36594898586844,3,2,0.4,False,False,5.0,False
bt_fc_mrv_deg,5,202,273318,273318,273318,0,2.3695322399998986,198.13913492161254,4,1,0.2,False,False,5.0,False
bt_fc_mrv_deg,5,303,5,0,5,0,0.0004856290001953312,18.429434548750493,5,0,0.0,True,False,5.0,False
bt_fc_mrv_deg,5,404,5,0,5,0,0.00031071600005816435,26.932451565762477,5,0,0.0,True,False,5.0,False
bt_fc_mrv_deg,5,505,5,0,5,0,0.0006310009998742316,39.645871797468104,5,0,0.0,True,False,5.0,False
bt_fc_mrv_deg,8,7,8,0,8,0,0.0005178189999242022,116.45189213861107,8,0,0.0,True,False,5.0,False
bt_fc_mrv_deg,8,13,8,0,8,0,0.0012787089999619639,138.39851888169702,8,0,0.0,True,False,5.0,False
bt_fc_mrv_deg,8,42,8,0,8,0,0.0015575400002489914,58.44198349914128,8,0,0.0,True,False,5.0,False
bt_fc_mrv_deg,8,101,123850,123850,123850,0,1.0421492930004206,785.418313807762,5,3,0.375,False,False,5.0,False
bt_fc_mrv_deg,8,202,416066,416059,416066,0,5.000019789999897,232.26456502725705,7,1,0.125,False,False,5.0,True
bt_fc_mrv_deg,8,303,8,0,8,0,0.0011956919997828663,70.45552957241493,8,0,0.0,True,False,5.0,False
bt_fc_mrv_deg,8,404,8,0,8,0,0.0009352299998681701,46.562879525294804,8,0,0.0,True,False,5.0,False
bt_fc_mrv_deg,8,505,8,0,8,0,0.0012693449998550932,102.18175636089035,8,0,0.0,True,False,5.0,False
bt_fc_mrv_deg,10,7,10,0,10,0,0.000734660000034637,128.84507918866876,10,0,0.0,True,False,5.0,False
bt_fc_mrv_deg,10,13,10,0,10,0,0.0014802509999753966,171.822283434003,10,0,0.0,True,False,5.0,False
bt_fc_mrv_deg,10,42,314336,314328,314336,0,5.000035927999761,212.8144395226441,9,1,0.1,False,False,5.0,True
bt_fc_mrv_deg,10,101,395973,395966,395973,0,5.000016234999748,794.4636771399623,7,3,0.3,False,False,5.0,True
bt_fc_mrv_deg,10,202,384985,384978,384985,0,5.000013881000086,386.14076736363495,8,2,0.2,False,False,5.0,True
bt_fc_mrv_deg,10,303,10,0,10,0,0.001269441999738774,87.93316144899804,10,0,0.0,True,False,5.0,False
bt_fc_mrv_deg,10,404,371587,371579,371587,0,5.000014857000224,201.16177854727405,9,1,0.1,False,False,5.0,True
bt_fc_mrv_deg,10,505,10,0,10,0,0.0017121410000981996,108.62447379130197,10,0,0.0,True,False,5.0,False
bt_fc_mrv_deg,12,7,12,0,12,0,0.0009916899998643203,184.54921321998953,12,0,0.0,True,False,5.0,False
bt_fc_mrv_deg,12,13,12,0,12,0,0.001902107000205433,190.04941611173467,12,0,0.0,True,False,5.0,False
bt_fc_mrv_deg,12,42,315212,315201,315212,0,5.0000203439999495,219.49933954754863,11,1,0.08333333333333333,False,False,5.0,True
bt_fc_mrv_deg,12,101,362559,362550,362559,0,5.000022426000214,798.2589488812046,9,3,0.25,False,False,5.0,True
bt_fc_mrv_deg,12,202,335211,335201,335211,0,5.000025740000183,437.2507920669926,10,2,0.16666666666666666,False,False,5.0,True
bt_fc_mrv_deg,12,303,12,0,12,0,0.0016087520002656674,114.62746611160586,12,0,0.0,True,False,5.0,False
bt_fc_mrv_deg,12,404,325894,325883,325894,0,5.00002550399995,252.61116708203153,11,1,0.08333333333333333,False,False,5.0,True
bt_fc_mrv_deg,12,505,12,0,12,0,0.00196727299999111,117.5546830222729,12,0,0.0,True,False,5.0,False
bt_fc_mrv_deg,15,7,15,0,15,0,0.0013398829996731365,225.97599204547285,15,0,0.0,True,False,5.0,False
bt_fc_mrv_deg,15,13,15,0,15,0,0.0027052349996665725,242.48014144560403,15,0,0.0,True,False,5.0,False
bt_fc_mrv_deg,15,42,255142,255128,255142,0,5.0000477099997624,275.10794967082893,14,1,0.06666666666666667,False,False,5.0,True
bt_fc_mrv_deg,15,101,293018,293006,293018,0,5.000030318999961,833.1571680172492,12,3,0.2,False,False,5.0,True
bt_fc_mrv_deg,15,202,293246,293233,293246,0,5.000035904000015,493.16942193309893,13,2,0.13333333333333333,False,False,5.0,True
bt_fc_mrv_deg,15,303,15,0,15,0,0.002332947000013519,128.56618505599755,15,0,0.0,True,False,5.0,False
bt_fc_mrv_deg,15,404,276148,276134,276148,0,5.000043202000143,265.3366060622976,14,1,0.06666666666666667,False,False,5.0,True
bt_fc_mrv_deg,15,505,15,0,15,0,0.00275448200000028,132.41883337337646,15,0,0.0,True,False,5.0,False
bt_fc_mrv_deg,20,7,20,0,20,0,0.002277091999985714,599.5743224239709,20,0,0.0,True,False,5.0,False
bt_fc_mrv_deg,20,13,225615,225597,225615,0,5.0000529600001755,758.1384515204065,18,2,0.1,False,False,5.0,True
bt_fc_mrv_deg,20,42,200442,200424,200442,0,5.000049734000186,539.753902972061,18,2,0.1,False,False,5.0,True
bt_fc_mrv_deg,20,101,213228,213211,213228,0,5.000049912000122,946.376007812945,17,3,0.15,False,False,5.0,True
bt_fc_mrv_deg,20,202,220797,220779,220797,0,5.00004055799991,598.1276111717468,18,2,0.1,False,False,5.0,True
bt_fc_mrv_deg,20,303,20,0,20,0,0.004606702999808476,210.20013154857713,20,0,0.0,True,False,5.0,False
bt_fc_mrv_deg,20,404,202457,202439,202457,0,5.000060405000113,441.53349153014483,18,2,0.1,False,False,5.0,True
bt_fc_mrv_deg,20,505,204064,204045,204064,0,5.000107907000256,323.06169787884323,19,1,0.05,False,False,5.0,True
bt_fc_mrv_deg,25,7,205684,205662,205684,0,5.000049273000059,1525.4987479318136,22,3,0.12,False,False,5.0,True
bt_fc_mrv_deg,25,13,188451,188428,188451,0,5.00007926499984,840.8844898647347,23,2,0.08,False,False,5.0,True
bt_fc_mrv_deg,25,42,184099,184078,184099,0,5.000057438000113,722.2284993170596,22,3,0.12,False,False,5.0,True
bt_fc_mrv_deg,25,101,195085,195063,195085,0,5.0000531789996785,1023.5316409884911,22,3,0.12,False,False,5.0,True
bt_fc_mrv_deg,25,202,189165,189142,189165,0,5.000051270000313,717.1631124292518,23,2,0.08,False,False,5.0,True
bt_fc_mrv_deg,25,303,25,0,25,0,0.0047639389999858395,305.3148159179275,25,0,0.0,True,False,5.0,False
bt_fc_mrv_deg,25,404,184865,184843,184865,0,5.000094055999853,614.872276019905,22,3,0.12,False,False,5.0,True
bt_fc_mrv_deg,25,505,181283,181259,181283,0,5.0000701310000295,356.86591465688656,24,1,0.04,False,False,5.0,True
bt_fc_mrv_deg,30,7,163369,163342,163369,0,5.0000727080000615,1727.1901037577238,27,3,0.1,False,False,5.0,True
bt_fc_mrv_deg,30,13,150312,150284,150312,0,5.000139834000038,1020.8063999529347,28,2,0.06666666666666667,False,False,5.0,True
bt_fc_mrv_deg,30,42,147651,147624,147651,0,5.000237130000187,818.0910568102896,27,3,0.1,False,False,5.0,True
bt_fc_mrv_deg,30,101,158452,158425,158452,0,5.000105763999727,1069.7023744383114,27,3,0.1,False,False,5.0,True
bt_fc_mrv_deg,30,202,162585,162559,162585,0,5.000085162000232,1178.0451570652467,26,4,0.13333333333333333,False,False,5.0,True
bt_fc_mrv_deg,30,303,154867,154839,154867,0,5.000080149000041,715.9206051753046,29,1,0.03333333333333333,False,False,5.0,True
bt_fc_mrv_deg,30,404,148780,148753,148780,0,5.0001583869998285,668.8797989373484,27,3,0.1,False,False,5.0,True
bt_fc_mrv_deg,30,505,116634,116605,116634,0,5.00010718700014,472.95622884901746,29,1,0.03333333333333333,False,False,5.0,True
bt_fc_mrv_deg,40,7,132900,132863,132900,0,5.000281006000023,1864.8196816453801,37,3,0.075,False,False,5.0,True
bt_fc_mrv_deg,40,13,98603,98567,98603,0,5.000184779999927,1594.4250741037479,36,4,0.1,False,False,5.0,True
bt_fc_mrv_deg,40,42,114101,114065,114101,0,5.000238599000113,1249.9554279670713,36,4,0.1,False,False,5.0,True
bt_fc_mrv_deg,40,101,128888,128853,128888,0,5.000135630999921,1624.529649165609,35,5,0.125,False,False,5.0,True
bt_fc_mrv_deg,40,202,126327,126292,126327,0,5.000156005999997,1651.2269366829237,35,5,0.125,False,False,5.0,True
bt_fc_mrv_deg,40,303,116310,116272,116310,0,5.0001704360001895,1121.8138435063393,38,2,0.05,False,False,5.0,True
bt_fc_mrv_deg,40,404,97620,97583,97620,0,5.000174679000338,774.2179144796406,37,3,0.075,False,False,5.0,True
bt_fc_mrv_deg,40,505,103320,103281,103320,0,5.000165835000189,786.1188326758719,39,1,0.025,False,False,5.0,True
bt_fc_mrv_deg,50,7,87115,87072,87115,0,5.000197221000235,2744.4317422851846,44,6,0.12,False,False,5.0,True
bt_fc_mrv_deg,50,13,73994,73955,73994,0,5.000215046999983,3335.830092785638,39,11,0.22,False,False,5.0,True
bt_fc_mrv_deg,50,42,78477,78431,78477,0,5.000242743999934,1412.7611225159844,46,4,0.08,False,False,5.0,True
bt_fc_mrv_deg,50,101,87492,87451,87492,0,5.0001801630000955,2694.0267430979,41,9,0.18,False,False,5.0,True
bt_fc_mrv_deg,50,202,85440,85400,85440,0,5.000192228000287,2904.542867746911,40,10,0.2,False,False,5.0,True
bt_fc_mrv_deg,50,303,99682,99637,99682,0,5.000154772999849,1665.4874898724174,47,3,0.06,False,False,5.0,True
bt_fc_mrv_deg,50,404,79894,79851,79894,0,5.000188287999663,1414.3584568892531,44,6,0.12,False,False,5.0,True
bt_fc_mrv_deg,50,505,71462,71413,71462,0,5.000244546999966,1068.7549296516088,49,1,0.02,False,False,5.0,True
min_conflicts,5,7,0,0,1,1,4.321899996284628e-05,310.08728160849677,5,0,0.0,True,False,5.0,False
min_conflicts,5,13,0,0,1,1,2.708100009840564e-05,102.32401002762353,5,0,0.0,True,False,5.0,False
min_conflicts,5,42,0,0,1,1,2.1661000118911033e-05,98.1336063000969,5,0,0.0,True,False,5.0,False
min_conflicts,5,101,0,0,1,1,1.6558999959670473e-05,454.0662814024942,3,2,0.4,False,False,5.0,False
min_conflicts,5,202,0,0,1,1,1.834799968492007e-05,300.00381506505255,4,1,0.2,False,False,5.0,False
min_conflicts,5,303,0,0,1,1,2.0492000203375937e-05,30.461888152363642,5,0,0.0,True,False,5.0,False
min_conflicts,5,404,1,0,2,2,7.292600002983818e-05,38.83961612508668,5,0,0.0,True,False,5.0,False
min_conflicts,5,505,1,0,2,2,8.818600008453359e-05,303.65048757920454,5,0,0.0,True,False,5.0,False
min_conflicts,8,7,0,0,1,1,3.057099957004539e-05,402.91254294077976,8,0,0.0,True,False,5.0,False
min_conflicts,8,13,0,0,1,1,2.9320000066945795e-05,221.0843773970284,8,0,0.0,True,False,5.0,False
min_conflicts,8,42,0,0,1,1,2.9395999717962695e-05,230.39131432176362,8,0,0.0,True,False,5.0,False
min_conflicts,8,101,1,0,2,2,5.9036000038759084e-05,824.7252929080639,5,3,0.375,False,False,5.0,False
min_conflicts,8,202,0,0,1,1,2.562000008765608e-05,390.1663348689532,7,1,0.125,False,False,5.0,False
min_conflicts,8,303,0,0,1,1,3.0007000077603152e-05,141.4868320203696,8,0,0.0,True,False,5.0,False
min_conflicts,8,404,1,0,2,2,7.692100007261615e-05,120.44571750550315,8,0,0.0,True,False,5.0,False
min_conflicts,8,505,1,0,2,2,0.00010443700011819601,423.12584021814104,8,0,0.0,True,False,5.0,False
min_conflicts,10,7,4,0,5,5,0.0001635280000300554,555.7078731112845,9,1,0.1,False,False,5.0,False
min_conflicts,10,13,1,0,2,2,0.00010286299993822468,282.1910721254891,10,0,0.0,True,False,5.0,False
min_conflicts,10,42,0,0,1,1,3.9276000279642176e-05,388.6061198248995,9,1,0.1,False,False,5.0,False
min_conflicts,10,101,2,0,3,3,0.00011977399981333292,816.2244616100672,7,3,0.3,False,False,5.0,False
min_conflicts,10,202,0,0,1,1,2.911199999289238e-05,544.0425372053311,8,2,0.2,False,False,5.0,False
min_conflicts,10,303,0,0,1,1,3.4005000088654924e-05,161.14212133797454,10,0,0.0,True,False,5.0,False
min_conflicts,10,404,1,0,2,2,9.030699993672897e-05,233.47315263664245,9,1,0.1,False,False,5.0,False
min_conflicts,10,505,1,0,2,2,0.00011520600037329132,431.56855764855266,10,0,0.0,True,False,5.0,False
min_conflicts,12,7,4,0,5,5,0.00024798999993436155,623.3317721204508,12,0,0.0,True,False,5.0,False
min_conflicts,12,13,1,0,2,2,0.00018253400003231945,349.5443993647733,12,0,0.0,True,False,5.0,False
min_conflicts,12,42,0,0,1,1,3.947499999412685e-05,397.791019849804,11,1,0.08333333333333333,False,False,5.0,False
min_conflicts,12,101,2,0,3,3,0.00014164000003802357,1057.829306280681,9,3,0.25,False,False,5.0,False
min_conflicts,12,202,0,0,1,1,3.4511999729147647e-05,604.032228559357,10,2,0.16666666666666666,False,False,5.0,False
min_conflicts,12,303,0,0,1,1,4.457300019566901e-05,198.33642600058238,12,0,0.0,True,False,5.0,False
min_conflicts,12,404,1,0,2,2,0.00010864099976970465,287.97030304201786,11,1,0.08333333333333333,False,False,5.0,False
min_conflicts,12,505,1,0,2,2,0.0001359279999633145,441.4013006289941,12,0,0.0,True,False,5.0,False
min_conflicts,15,7,1,0,2,2,0.00013279799986776197,682.3012362152094,15,0,0.0,True,False,5.0,False
min_conflicts,15,13,2,0,3,3,0.00022564899973076535,417.51079271235864,15,0,0.0,True,False,5.0,False
min_conflicts,15,42,0,0,1,1,8.208700000977842e-05,467.04926401129075,14,1,0.06666666666666667,False,False,5.0,False
min_conflicts,15,101,3,0,4,4,0.00029467500007740455,1125.0751032049236,12,3,0.2,False,False,5.0,False
min_conflicts,15,202,1,0,2,2,0.00011733199971786235,640.0471771155125,13,2,0.13333333333333333,False,False,5.0,False
min_conflicts,15,303,1,0,2,2,0.00011121999978058739,216.05601821120018,15,0,0.0,True,False,5.0,False
min_conflicts,15,404,2,0,3,3,0.0002467360000082408,304.9142095683242,14,1,0.06666666666666667,False,False,5.0,False
min_conflicts,15,505,1,0,2,2,0.00017878900007417542,499.7654509800976,15,0,0.0,True,False,5.0,False
min_conflicts,20,7,12,0,13,13,0.0012605990000338352,820.839269891033,19,1,0.05,False,False,5.0,False
min_conflicts,20,13,3,0,4,4,0.0004183920000286889,981.9367348061517,18,2,0.1,False,False,5.0,False
min_conflicts,20,42,2,0,3,3,0.0003862779999508348,947.3318618904465,18,2,0.1,False,False,5.0,False
min_conflicts,20,101,4,0,5,5,0.000427974000103859,1257.029384850048,17,3,0.15,False,False,5.0,False
min_conflicts,20,202,6,0,7,7,0.0006926410001142358,786.6272863400745,18,2,0.1,False,False,5.0,False
min_conflicts,20,303,1,0,2,2,0.00015631399992344086,335.13695358796286,20,0,0.0,True,False,5.0,False
min_conflicts,20,404,4,0,5,5,0.0005415760001596936,536.2727094963348,18,2,0.1,False,False,5.0,False
min_conflicts,20,505,3,0,4,4,0.0004918350000480132,526.133496133648,19,1,0.05,False,False,5.0,False
min_conflicts,25,7,13,0,14,14,0.0017738940000526782,1622.0999410945788,23,2,0.08,False,False,5.0,False
min_conflicts,25,13,7,0,8,8,0.0011369869998816284,1322.8899478065339,23,2,0.08,False,False,5.0,False
min_conflicts,25,42,2,0,3,3,0.0006027949998497206,1155.8028467062197,22,3,0.12,False,False,5.0,False
min_conflicts,25,101,6,0,7,7,0.0009672559999671648,1379.3706781419658,22,3,0.12,False,False,5.0,False
min_conflicts,25,202,7,0,8,8,0.0012885179999102547,835.3312451676854,23,2,0.08,False,False,5.0,False
min_conflicts,25,303,7,0,8,8,0.0008685909997439012,437.2648693766017,25,0,0.0,True,False,5.0,False
min_conflicts,25,404,6,0,7,7,0.0015474960000574356,766.0225333619893,22,3,0.12,False,False,5.0,False
min_conflicts,25,505,5,0,6,6,0.0011646080001810333,783.2152514902264,24,1,0.04,False,False,5.0,False
min_conflicts,30,7,33,0,34,34,0.006786812999962422,1559.07603898727,28,2,0.06666666666666667,False,False,5.0,False
min_conflicts,30,13,7,0,8,8,0.0019310059997224016,1289.1127792557995,28,2,0.06666666666666667,False,False,5.0,False
min_conflicts,30,42,6,0,7,7,0.00185073900001953,1223.2701920376078,27,3,0.1,False,False,5.0,False
min_conflicts,30,101,11,0,12,12,0.0019318640001984022,1421.977332749739,27,3,0.1,False,False,5.0,False
min_conflicts,30,202,13,0,14,14,0.0023900450000837736,1280.4494611774164,26,4,0.13333333333333333,False,False,5.0,False
min_conflicts,30,303,5,0,6,6,0.0011211870000806812,877.3305398594105,29,1,0.03333333333333333,False,False,5.0,False
min_conflicts,30,404,7,0,8,8,0.0016696050001883123,894.8363433174451,27,3,0.1,False,False,5.0,False
min_conflicts,30,505,5,0,6,6,0.0012292589999560732,756.8132781866288,29,1,0.03333333333333333,False,False,5.0,False
min_conflicts,40,7,42,0,43,43,0.011240553999869007,2132.7907803168478,37,3,0.075,False,False,5.0,False
min_conflicts,40,13,25,0,26,26,0.008257260999926075,1699.800387601339,36,4,0.1,False,False,5.0,False
min_conflicts,40,42,9,0,10,10,0.003117683999789733,1446.69450474111,36,4,0.1,False,False,5.0,False
min_conflicts,40,101,26,0,27,27,0.0069441279997590755,1699.1422039805877,35,5,0.125,False,False,5.0,False
min_conflicts,40,202,27,0,28,28,0.006801765000091109,2001.7298563393178,34,6,0.15,False,False,5.0,False
min_conflicts,40,303,21,0,22,22,0.005715942999813706,1264.7030065146305,38,2,0.05,False,False,5.0,False
min_conflicts,40,404,11,0,12,12,0.004260138999597984,1240.85182761855,37,3,0.075,False,False,5.0,False
min_conflicts,40,505,10,0,11,11,0.004730565000045317,1429.4313451914036,39,1,0.025,False,False,5.0,False
min_conflicts,50,7,71,0,72,72,0.028160513999864634,2883.463583085404,44,6,0.12,False,False,5.0,False
min_conflicts,50,13,3000,0,3000,3000,1.1942343270002311,2775.3595017095768,41,9,0.18,False,True,5.0,False
min_conflicts,50,42,15,0,16,16,0.006986472000335198,1487.1302664337286,46,4,0.08,False,False,5.0,False
min_conflicts,50,101,2867,0,2868,2868,0.9869316200001776,2313.7741876395044,44,6,0.12,False,False,5.0,False
min_conflicts,50,202,3000,0,3000,3000,1.1182045420000577,2531.430816600444,43,7,0.14,False,True,5.0,False
min_conflicts,50,303,150,0,151,151,0.05039639300002818,2056.693627358724,45,5,0.1,False,False,5.0,False
min_conflicts,50,404,14,0,15,15,0.006037164000190387,1710.0595764610134,44,6,0.12,False,False,5.0,False
min_conflicts,50,505,13,0,14,14,0.00560736600027667,1374.361371549736,49,1,0.02,False,False,5.0,False
